fila_excel,cliente_id,mes,avisos
61,VSU-0015,2026-07,productos_sincronizados: vacio (dato faltante -- revisar con Ops/plataforma; no se descarta la fila)
72,VSU-0017,2026-08,productos_sincronizados: vacio (dato faltante -- revisar con Ops/plataforma; no se descarta la fila)
88,VSU-0020,2026-09,productos_sincronizados: vacio (dato faltante -- revisar con Ops/plataforma; no se descarta la fila)
113,VSU-0026,2026-09,productos_sincronizados: vacio (dato faltante -- revisar con Ops/plataforma; no se descarta la fila)
116,VSU-0027,2026-07,productos_sincronizados: vacio (dato faltante -- revisar con Ops/plataforma; no se descarta la fila)
169,VSU-0039,2026-06,productos_sincronizados: vacio (dato faltante -- revisar con Ops/plataforma; no se descarta la fila)
187,VSU-0042,2026-09,productos_sincronizados: vacio (dato faltante -- revisar con Ops/plataforma; no se descarta la fila)
209,VSU-0048,2026-06,productos_sincronizados: vacio (dato faltante -- revisar con Ops/plataforma; no se descarta la fila)
220,VSU-0052,2026-05,productos_sincronizados: vacio (dato faltante -- revisar con Ops/plataforma; no se descarta la fila)
411,VSU-0098,2026-09,productos_sincronizados: vacio (dato faltante -- revisar con Ops/plataforma; no se descarta la fila)
480,VSU-0114,2026-07,productos_sincronizados: vacio (dato faltante -- revisar con Ops/plataforma; no se descarta la fila)
485,VSU-0115,2026-07,productos_sincronizados: vacio (dato faltante -- revisar con Ops/plataforma; no se descarta la fila)
512,VSU-0121,2026-07,productos_sincronizados: vacio (dato faltante -- revisar con Ops/plataforma; no se descarta la fila)
564,VSU-0132,2026-07,productos_sincronizados: vacio (dato faltante -- revisar con Ops/plataforma; no se descarta la fila)
588,VSU-0137,2026-06,productos_sincronizados: vacio (dato faltante -- revisar con Ops/plataforma; no se descarta la fila)
